0   , curve_01_X10.tif, [0.1316 0.042 ], 0.0102, 0.1346
1   , curve_01_X15.tif, [0.2075 0.0222], 0.0170, 0.2516
2   , curve_01_X18.tif, [0.1347 0.0837], 0.0452, 0.3395
3   , curve_01_X21.tif, [0.8335 0.1002], 0.0335, 0.4214
4   , curve_01_X25.tif, [0.619  0.0378], 0.0110, 0.4688
5   , curve_02_X10.tif, [0.2428 0.0217], 0.0444, 0.2525
6   , curve_02_X15.tif, [0.122  0.0868], 0.0007, 0.2741
7   , curve_02_X18.tif, [0.3147 0.0274], 0.0047, 0.3113
8   , curve_02_X21.tif, [0.5807 0.0392], 0.0253, 0.3498
9   , curve_02_X25.tif, [0.3518 0.0318], 0.0231, 0.3735
10  , curve_03_X10.tif, [0.4312 0.0188], 0.0530, 0.1953
11  , curve_03_X15.tif, [0.634  0.0483], 0.0073, 0.2957
12  , curve_03_X18.tif, [0.342  0.0554], 0.0085, 0.4595
13  , curve_03_X21.tif, [0.1612 0.0197], 0.0274, 0.5967
14  , curve_03_X25.tif, [0.6318 0.0961], 0.0006, 0.7052
15  , curve_04_X10.tif, [0.2262 0.0281], 0.0062, 0.2555
16  , curve_04_X15.tif, [0.5498 0.0858], 0.0290, 0.2652
17  , curve_04_X18.tif, [0.3767 0.0418], 0.0024, 0.3269
18  , curve_04_X21.tif, [0.2223 0.1263], 0.0059, 0.3606
19  , curve_04_X25.tif, [0.1655 0.1121], 0.0028, 0.3787
20  , curve_05_X10.tif, [0.4476 0.0276], 0.0214, 0.2102
21  , curve_05_X15.tif, [0.5968 0.0255], 0.0109, 0.2113
22  , curve_05_X18.tif, [0.8371 0.0259], 0.0082, 0.2715
23  , curve_05_X21.tif, [0.3686 0.0484], 0.0074, 0.2741
24  , curve_05_X25.tif, [0.7027 0.1072], 0.0028, 0.2939
25  , curve_06_X10.tif, [0.2635 0.0356], 0.0092, 0.2865
26  , curve_06_X15.tif, [0.232  0.0324], 0.0044, 0.2490
27  , curve_06_X18.tif, [0.3498 0.0406], 0.0004, 0.4532
28  , curve_06_X21.tif, [0.4002 0.0331], 0.0054, 0.5446
29  , curve_06_X25.tif, [0.8178 0.1932], 0.0022, 0.6800
30  , curve_07_X10.tif, [0.4136 0.0442], 0.0061, 0.2411
31  , curve_07_X15.tif, [0.8271 0.0352], 0.0073, 0.2807
32  , curve_07_X18.tif, [0.9423 0.0438], 0.0037, 0.3513
33  , curve_07_X21.tif, [0.477  0.0678], 0.0019, 0.4277
34  , curve_07_X25.tif, [0.9064 0.0625], 0.0008, 0.4756
35  , curve_08_X10.tif, [0.6185 0.0325], 0.0244, 0.2041
36  , curve_08_X15.tif, [0.9585 0.0524], 0.0145, 0.2892
37  , curve_08_X18.tif, [0.3273 0.0772], 0.0027, 0.3811
38  , curve_08_X21.tif, [0.8142 0.0396], 0.0021, 0.4432
39  , curve_08_X25.tif, [0.7863 0.089 ], 0.0066, 0.5086
40  , curve_09_X10.tif, [0.3144 0.0121], 0.0055, 0.2417
41  , curve_09_X15.tif, [0.8996 0.0244], 0.0070, 0.2116
42  , curve_09_X18.tif, [0.7122 0.0311], 0.0061, 0.2259
43  , curve_09_X21.tif, [0.9759 0.047 ], 0.0024, 0.2419
44  , curve_09_X25.tif, [0.3077 0.0122], 0.0326, 0.2204
45  , curve_10_X10.tif, [0.7784 0.0318], 0.0668, 0.2488
46  , curve_10_X15.tif, [0.2968 0.0203], 0.0036, 0.2685
47  , curve_10_X18.tif, [0.2751 0.1287], 0.0114, 0.3698
48  , curve_10_X21.tif, [0.4361 0.0279], 0.0158, 0.4541
49  , curve_10_X25.tif, [0.4189 0.0157], 0.0263, 0.4780
50  , curve_11_X10.tif, [0.9724 0.0513], 0.0026, 0.2122
51  , curve_11_X15.tif, [0.9554 0.0422], 0.0033, 0.1584
52  , curve_11_X18.tif, [0.8164 0.059 ], 0.0030, 0.2164
53  , curve_11_X21.tif, [0.3646 0.0385], 0.0024, 0.2582
54  , curve_11_X25.tif, [0.3191 0.0507], 0.0005, 0.3287
55  , curve_12_X10.tif, [0.1715 0.0195], 0.0024, 0.2036
56  , curve_12_X15.tif, [0.2569 0.1523], 0.0042, 0.2884
57  , curve_12_X18.tif, [0.2118 0.1253], 0.0102, 0.3733
58  , curve_12_X21.tif, [0.1857 0.1651], 0.0094, 0.4795
59  , curve_12_X25.tif, [0.1176 0.0212], 0.0020, 0.6102
60  , curve_13_X10.tif, [0.7055 0.0252], 0.0357, 0.3123
61  , curve_13_X15.tif, [0.9243 0.0828], 0.0083, 0.2626
62  , curve_13_X18.tif, [0.6707 0.0777], 0.0107, 0.3688
63  , curve_13_X21.tif, [0.2042 0.0149], 0.0093, 0.4103
64  , curve_13_X25.tif, [0.5562 0.1598], 0.0001, 0.5204
65  , curve_14_X10.tif, [0.4966 0.011 ], 0.0084, 0.2345
66  , curve_14_X15.tif, [0.9765 0.0494], 0.0130, 0.2367
67  , curve_14_X18.tif, [0.4947 0.0749], 0.0052, 0.3614
68  , curve_14_X21.tif, [0.533  0.0519], 0.0032, 0.4661
69  , curve_14_X25.tif, [0.6142 0.0941], 0.0006, 0.5219
70  , curve_15_X10.tif, [0.5436 0.0264], 0.0233, 0.2423
71  , curve_15_X15.tif, [0.9043 0.019 ], 0.0008, 0.2800
72  , curve_15_X18.tif, [0.153  0.0237], 0.0212, 0.3705
73  , curve_15_X21.tif, [0.1546 0.1359], 0.0343, 0.3996
74  , curve_15_X25.tif, [0.1303 0.0297], 0.0052, 0.5150
75  , curve_16_X10.tif, [0.8242 0.0254], 0.0155, 0.2744
76  , curve_16_X15.tif, [0.604  0.0255], 0.0508, 0.2608
77  , curve_16_X18.tif, [0.803  0.0491], 0.0095, 0.3839
78  , curve_16_X21.tif, [0.9064 0.0322], 0.0010, 0.4368
79  , curve_16_X25.tif, [0.5578 0.0587], 0.0021, 0.5217
80  , curve_17_X10.tif, [0.3729 0.0106], 0.0026, 0.2562
81  , curve_17_X15.tif, [0.3939 0.1226], 0.0063, 0.2624
82  , curve_17_X18.tif, [0.2794 0.0931], 0.0258, 0.3150
83  , curve_17_X21.tif, [0.211  0.1849], 0.0074, 0.4218
84  , curve_17_X25.tif, [0.1894 0.1825], 0.0106, 0.4559
85  , curve_18_X10.tif, [0.617  0.0229], 0.0039, 0.2442
86  , curve_18_X15.tif, [0.9722 0.0219], 0.0165, 0.2676
87  , curve_18_X18.tif, [0.2964 0.0371], 0.0304, 0.3616
88  , curve_18_X21.tif, [0.6318 0.0273], 0.0044, 0.4307
89  , curve_18_X25.tif, [0.6317 0.0257], 0.0075, 0.4820
90  , curve_19_X10.tif, [0.3517 0.0118], 0.0167, 0.2379
91  , curve_19_X15.tif, [0.9844 0.027 ], 0.0006, 0.2594
92  , curve_19_X18.tif, [0.3341 0.089 ], 0.0040, 0.3340
93  , curve_19_X21.tif, [0.9993 0.1202], 0.0065, 0.4040
94  , curve_19_X25.tif, [0.5997 0.0367], 0.0062, 0.4627
95  , curve_20_X10.tif, [0.784  0.0324], 0.0193, 0.2653
96  , curve_20_X15.tif, [0.1625 0.0257], 0.0001, 0.1881
97  , curve_20_X18.tif, [0.4464 0.0647], 0.0321, 0.2958
98  , curve_20_X21.tif, [0.2671 0.0316], 0.0484, 0.3500
99  , curve_20_X25.tif, [0.4825 0.0215], 0.0317, 0.4078
100 , curve_21_X10.tif, [0.2309 0.0334], 0.0061, 0.3002
101 , curve_21_X15.tif, [0.7351 0.095 ], 0.0018, 0.3030
102 , curve_21_X18.tif, [0.2175 0.1651], 0.0146, 0.3706
103 , curve_21_X21.tif, [0.9803 0.1527], 0.0106, 0.4174
104 , curve_21_X25.tif, [0.1003 0.0729], 0.0068, 0.4697
105 , curve_22_X10.tif, [0.7364 0.0353], 0.1187, 0.2298
106 , curve_22_X15.tif, [0.8463 0.079 ], 0.0065, 0.2387
107 , curve_22_X18.tif, [0.9121 0.0295], 0.0024, 0.3146
108 , curve_22_X21.tif, [0.2741 0.0294], 0.0105, 0.3650
109 , curve_22_X25.tif, [0.9502 0.0469], 0.0005, 0.4302
110 , curve_23_X10.tif, [0.1396 0.0255], 0.0031, 0.2895
111 , curve_23_X15.tif, [0.1642 0.0269], 0.0487, 0.2469
112 , curve_23_X18.tif, [0.1031 0.1008], 0.0541, 0.3926
113 , curve_23_X21.tif, [0.5132 0.0267], 0.0088, 0.4463
114 , curve_23_X25.tif, [0.2065 0.1805], 0.0014, 0.5621
115 , curve_24_X10.tif, [0.857  0.0577], 0.0034, 0.2897
116 , curve_24_X15.tif, [0.571  0.0325], 0.0004, 0.2487
117 , curve_24_X18.tif, [0.1724 0.039 ], 0.0081, 0.3421
118 , curve_24_X21.tif, [0.4046 0.1186], 0.0152, 0.4046
119 , curve_24_X25.tif, [0.2083 0.1568], 0.0088, 0.4747
120 , curve_25_X10.tif, [0.594  0.0238], 0.0038, 0.2265
121 , curve_25_X15.tif, [0.6608 0.0197], 0.0058, 0.2675
122 , curve_25_X18.tif, [0.4189 0.0411], 0.0051, 0.3734
123 , curve_25_X21.tif, [0.6065 0.0214], 0.0161, 0.4189
124 , curve_25_X25.tif, [0.1824 0.0228], 0.0235, 0.4604
125 , curve_26_X10.tif, [0.9133 0.0403], 0.0031, 0.2258
126 , curve_26_X15.tif, [0.9786 0.0423], 0.0433, 0.2538
127 , curve_26_X18.tif, [0.9823 0.0335], 0.0001, 0.3667
128 , curve_26_X21.tif, [0.6278 0.0358], 0.0526, 0.4608
129 , curve_26_X25.tif, [0.4073 0.0347], 0.0026, 0.5578
130 , curve_27_X10.tif, [0.3346 0.0541], 0.0016, 0.1943
131 , curve_27_X15.tif, [0.3084 0.045 ], 0.0008, 0.2671
132 , curve_27_X18.tif, [0.124  0.0116], 0.0018, 0.3901
133 , curve_27_X21.tif, [0.4728 0.0609], 0.0016, 0.5049
134 , curve_27_X25.tif, [0.8208 0.0301], 0.0049, 0.5530
135 , curve_28_X10.tif, [0.1797 0.0101], 0.0086, 0.2144
136 , curve_28_X15.tif, [0.6664 0.0633], 0.0066, 0.2566
137 , curve_28_X18.tif, [0.3774 0.0445], 0.0091, 0.3390
138 , curve_28_X21.tif, [0.2089 0.0526], 0.0164, 0.4340
139 , curve_28_X25.tif, [0.3899 0.0702], 0.0001, 0.5310
140 , curve_29_X10.tif, [0.4224 0.0397], 0.0138, 0.2073
141 , curve_29_X15.tif, [0.2892 0.053 ], 0.0092, 0.2648
142 , curve_29_X18.tif, [0.9404 0.0478], 0.0108, 0.3535
143 , curve_29_X21.tif, [0.9928 0.0543], 0.0063, 0.4468
144 , curve_29_X25.tif, [0.4852 0.0849], 0.0004, 0.5387
145 , curve_30_X10.tif, [0.9468 0.0378], 0.0520, 0.1882
146 , curve_30_X15.tif, [0.991  0.0564], 0.0090, 0.2119
147 , curve_30_X18.tif, [0.283 0.123], 0.0095, 0.3530
148 , curve_30_X21.tif, [0.2004 0.0667], 0.0057, 0.4127
149 , curve_30_X25.tif, [0.1424 0.0426], 0.0059, 0.5270
150 , curve_31_X10.tif, [0.7384 0.0527], 0.0426, 0.2168
151 , curve_31_X15.tif, [0.3616 0.0453], 0.0000, 0.2753
152 , curve_31_X18.tif, [0.3178 0.0249], 0.0013, 0.3929
153 , curve_31_X21.tif, [0.2058 0.0443], 0.0103, 0.4760
154 , curve_31_X25.tif, [0.2487 0.0754], 0.0013, 0.5740
155 , curve_32_X10.tif, [0.4104 0.0493], 0.0128, 0.2677
156 , curve_32_X15.tif, [0.9571 0.0608], 0.0014, 0.2750
157 , curve_32_X18.tif, [0.3259 0.018 ], 0.0009, 0.3820
158 , curve_32_X21.tif, [0.7827 0.1086], 0.0080, 0.4674
159 , curve_32_X25.tif, [0.4836 0.0665], 0.0013, 0.5450
160 , curve_33_X10.tif, [0.9029 0.0255], 0.0159, 0.2056
161 , curve_33_X15.tif, [0.7774 0.0313], 0.0154, 0.2023
162 , curve_33_X18.tif, [0.4888 0.1214], 0.0036, 0.3458
163 , curve_33_X21.tif, [0.716  0.0429], 0.0007, 0.3748
164 , curve_33_X25.tif, [0.2816 0.0693], 0.0121, 0.4224
165 , curve_34_X10.tif, [0.978 0.047], 0.0042, 0.2540
166 , curve_34_X15.tif, [0.4999 0.0376], 0.0074, 0.2907
167 , curve_34_X18.tif, [0.9902 0.0413], 0.0118, 0.3351
168 , curve_34_X21.tif, [0.2387 0.1199], 0.0058, 0.4088
169 , curve_34_X25.tif, [0.5452 0.0276], 0.0028, 0.4780
170 , curve_35_X10.tif, [0.9228 0.028 ], 0.0037, 0.2407
171 , curve_35_X15.tif, [0.6941 0.1048], 0.0162, 0.2810
172 , curve_35_X18.tif, [0.6187 0.1182], 0.0069, 0.3416
173 , curve_35_X21.tif, [0.6956 0.1511], 0.0006, 0.4098
174 , curve_35_X25.tif, [0.591  0.1737], 0.0055, 0.4904
175 , curve_36_X10.tif, [0.7166 0.0193], 0.0532, 0.2411
176 , curve_36_X15.tif, [0.8637 0.0438], 0.0363, 0.2536
177 , curve_36_X18.tif, [0.8736 0.0769], 0.0042, 0.3388
178 , curve_36_X21.tif, [0.9988 0.1083], 0.0054, 0.3996
179 , curve_36_X25.tif, [0.3731 0.1907], 0.0035, 0.4645
180 , curve_37_X10.tif, [0.7114 0.0204], 0.0135, 0.2005
181 , curve_37_X15.tif, [0.9177 0.0208], 0.0003, 0.2585
182 , curve_37_X18.tif, [0.497  0.0286], 0.0265, 0.3898
183 , curve_37_X21.tif, [0.7211 0.0395], 0.0150, 0.4969
184 , curve_37_X25.tif, [0.431  0.0265], 0.0025, 0.5857
185 , curve_38_X10.tif, [0.747 0.024], 0.0142, 0.2241
186 , curve_38_X15.tif, [0.5355 0.0491], 0.0040, 0.2256
187 , curve_38_X18.tif, [0.9995 0.1634], 0.0113, 0.3102
188 , curve_38_X21.tif, [0.1273 0.1328], 0.0020, 0.3621
189 , curve_38_X25.tif, [0.2286 0.0964], 0.0002, 0.4079
190 , curve_39_X10.tif, [0.6919 0.0342], 0.0203, 0.2597
191 , curve_39_X15.tif, [0.2471 0.0644], 0.0498, 0.2827
192 , curve_39_X18.tif, [0.7743 0.1434], 0.0021, 0.3591
193 , curve_39_X21.tif, [0.4796 0.1223], 0.0002, 0.4139
194 , curve_39_X25.tif, [0.3032 0.1322], 0.0196, 0.4550
195 , curve_40_X10.tif, [0.6313 0.0259], 0.0000, 0.2599
196 , curve_40_X15.tif, [0.6877 0.0315], 0.0025, 0.2446
197 , curve_40_X18.tif, [0.9344 0.0289], 0.0194, 0.3218
198 , curve_40_X21.tif, [0.968  0.0339], 0.0064, 0.3844
199 , curve_40_X25.tif, [0.6053 0.1729], 0.0005, 0.4536
200 , curve_41_X10.tif, [0.3967 0.0304], 0.0134, 0.2237
201 , curve_41_X15.tif, [0.5744 0.0844], 0.0014, 0.2744
202 , curve_41_X18.tif, [0.2991 0.0293], 0.0081, 0.3416
203 , curve_41_X21.tif, [0.9244 0.0502], 0.0043, 0.4001
204 , curve_41_X25.tif, [0.9259 0.0339], 0.0006, 0.4691
205 , curve_42_X10.tif, [0.6979 0.0286], 0.0080, 0.2407
206 , curve_42_X15.tif, [0.7141 0.061 ], 0.0027, 0.2304
207 , curve_42_X18.tif, [0.8549 0.0656], 0.0002, 0.3315
208 , curve_42_X21.tif, [0.4792 0.1208], 0.0014, 0.4066
209 , curve_42_X25.tif, [0.3204 0.1775], 0.0104, 0.4926
210 , curve_43_X10.tif, [0.8298 0.0248], 0.0250, 0.2488
211 , curve_43_X15.tif, [0.4282 0.0334], 0.0013, 0.2732
212 , curve_43_X18.tif, [0.9995 0.0638], 0.0020, 0.3778
213 , curve_43_X21.tif, [0.733  0.0937], 0.0048, 0.4547
214 , curve_43_X25.tif, [0.2506 0.0994], 0.0008, 0.5294
215 , curve_44_X10.tif, [0.9103 0.0504], 0.0155, 0.2292
216 , curve_44_X15.tif, [0.5047 0.0309], 0.0058, 0.2626
217 , curve_44_X18.tif, [0.2439 0.0566], 0.0007, 0.3314
218 , curve_44_X21.tif, [0.7656 0.0404], 0.0072, 0.4022
219 , curve_44_X25.tif, [0.3451 0.0609], 0.0029, 0.4563
220 , curve_45_X10.tif, [0.9516 0.0477], 0.0072, 0.2315
221 , curve_45_X15.tif, [0.4839 0.0894], 0.0127, 0.2750
222 , curve_45_X18.tif, [0.9189 0.1554], 0.0046, 0.3784
223 , curve_45_X21.tif, [0.4558 0.0245], 0.0054, 0.4171
224 , curve_45_X25.tif, [0.6706 0.0393], 0.0027, 0.4809
225 , curve_46_X10.tif, [0.9048 0.0514], 0.0116, 0.2839
226 , curve_46_X15.tif, [0.8911 0.0584], 0.0009, 0.2723
227 , curve_46_X18.tif, [0.5332 0.0552], 0.0011, 0.3720
228 , curve_46_X21.tif, [0.9508 0.0918], 0.0124, 0.4574
229 , curve_46_X25.tif, [0.6723 0.0822], 0.0048, 0.5402
230 , curve_47_X10.tif, [0.7477 0.0207], 0.0031, 0.2565
231 , curve_47_X15.tif, [0.753  0.0257], 0.0598, 0.2650
232 , curve_47_X18.tif, [0.5263 0.0396], 0.0805, 0.3541
233 , curve_47_X21.tif, [0.4812 0.0247], 0.0058, 0.4401
234 , curve_47_X25.tif, [0.8485 0.0736], 0.0080, 0.5194
235 , curve_48_X10.tif, [0.6756 0.0352], 0.0241, 0.2221
236 , curve_48_X15.tif, [0.7048 0.0226], 0.0078, 0.2358
237 , curve_48_X18.tif, [0.4569 0.032 ], 0.0104, 0.3117
238 , curve_48_X21.tif, [0.9871 0.067 ], 0.0057, 0.3838
239 , curve_48_X25.tif, [0.4759 0.0365], 0.0007, 0.4471
240 , curve_49_X10.tif, [0.8871 0.0445], 0.0095, 0.2643
241 , curve_49_X15.tif, [0.4984 0.0415], 0.0081, 0.2670
242 , curve_49_X18.tif, [0.4139 0.113 ], 0.0052, 0.3763
243 , curve_49_X21.tif, [0.5825 0.1126], 0.0090, 0.4609
244 , curve_49_X25.tif, [0.3659 0.079 ], 0.0198, 0.5340
245 , curve_50_X10.tif, [0.9969 0.0449], 0.0081, 0.2303
246 , curve_50_X15.tif, [0.3599 0.0499], 0.0021, 0.2733
247 , curve_50_X18.tif, [0.5329 0.0833], 0.0034, 0.3496
248 , curve_50_X21.tif, [0.7764 0.024 ], 0.0044, 0.4063
249 , curve_50_X25.tif, [0.1311 0.0479], 0.0090, 0.4668
250 , curve_51_X10.tif, [0.7774 0.0254], 0.0397, 0.2409
251 , curve_51_X15.tif, [0.9293 0.0315], 0.0137, 0.2481
252 , curve_51_X18.tif, [0.4449 0.1431], 0.0058, 0.3590
253 , curve_51_X21.tif, [0.5391 0.0434], 0.0049, 0.4004
254 , curve_51_X25.tif, [0.6195 0.089 ], 0.0024, 0.4749
255 , curve_52_X10.tif, [0.482  0.0563], 0.0233, 0.2928
256 , curve_52_X15.tif, [0.3434 0.0754], 0.0040, 0.2796
257 , curve_52_X18.tif, [0.157  0.1389], 0.0034, 0.3476
258 , curve_52_X21.tif, [0.8398 0.1624], 0.0043, 0.4097
259 , curve_52_X25.tif, [0.209  0.1773], 0.0008, 0.4807
260 , curve_53_X10.tif, [0.3303 0.0418], 0.0289, 0.2218
261 , curve_53_X15.tif, [0.2605 0.0203], 0.0006, 0.2318
262 , curve_53_X18.tif, [0.1184 0.0529], 0.0076, 0.3619
263 , curve_53_X21.tif, [0.6139 0.1827], 0.0528, 0.4633
264 , curve_53_X25.tif, [0.1265 0.0923], 0.0548, 0.5307
265 , curve_54_X10.tif, [0.5847 0.0234], 0.0357, 0.2107
266 , curve_54_X15.tif, [0.2483 0.0288], 0.0141, 0.2516
267 , curve_54_X18.tif, [0.998  0.0534], 0.0037, 0.3406
268 , curve_54_X21.tif, [0.56   0.0344], 0.0088, 0.4211
269 , curve_54_X25.tif, [0.8914 0.0679], 0.0062, 0.5053
270 , curve_55_X10.tif, [0.2218 0.029 ], 0.0323, 0.2881
271 , curve_55_X15.tif, [0.4887 0.1507], 0.0005, 0.2834
272 , curve_55_X18.tif, [0.1752 0.0138], 0.0045, 0.3669
273 , curve_55_X21.tif, [0.1273 0.1575], 0.0126, 0.4059
274 , curve_55_X25.tif, [0.6278 0.0273], 0.0042, 0.5092
275 , curve_56_X10.tif, [0.3473 0.0319], 0.0088, 0.2599
276 , curve_56_X15.tif, [0.1489 0.0129], 0.0229, 0.2649
277 , curve_56_X18.tif, [0.1273 0.0362], 0.0083, 0.3737
278 , curve_56_X21.tif, [0.3083 0.073 ], 0.0024, 0.4246
279 , curve_56_X25.tif, [0.1718 0.0251], 0.0100, 0.4795
280 , curve_57_X10.tif, [0.6925 0.0347], 0.0391, 0.2417
281 , curve_57_X15.tif, [0.4458 0.0175], 0.0041, 0.2703
282 , curve_57_X18.tif, [0.2246 0.0256], 0.0026, 0.3366
283 , curve_57_X21.tif, [0.5414 0.0547], 0.0003, 0.4108
284 , curve_57_X25.tif, [0.1177 0.0643], 0.0076, 0.4970
285 , curve_58_X10.tif, [0.586  0.0264], 0.0106, 0.2315
286 , curve_58_X15.tif, [0.3922 0.0435], 0.0004, 0.2473
287 , curve_58_X18.tif, [0.2782 0.0188], 0.0001, 0.3566
288 , curve_58_X21.tif, [0.7608 0.1578], 0.0229, 0.4239
289 , curve_58_X25.tif, [0.3059 0.1049], 0.0014, 0.5217
290 , curve_59_X10.tif, [0.3688 0.023 ], 0.0423, 0.2088
291 , curve_59_X15.tif, [0.7481 0.049 ], 0.0126, 0.2806
292 , curve_59_X18.tif, [0.7898 0.0327], 0.0047, 0.3651
293 , curve_59_X21.tif, [0.8877 0.0473], 0.0056, 0.4376
294 , curve_59_X25.tif, [0.1518 0.0276], 0.0192, 0.5086
295 , curve_60_X10.tif, [0.522  0.0375], 0.0336, 0.2327
296 , curve_60_X15.tif, [0.8554 0.0379], 0.0072, 0.2689
297 , curve_60_X18.tif, [0.8532 0.104 ], 0.0022, 0.3674
298 , curve_60_X21.tif, [0.8528 0.1631], 0.0018, 0.4275
299 , curve_60_X25.tif, [0.5329 0.1369], 0.0006, 0.4871
300 , curve_61_X10.tif, [0.9738 0.032 ], 0.0398, 0.2590
301 , curve_61_X15.tif, [0.8139 0.0585], 0.0019, 0.2658
302 , curve_61_X18.tif, [0.3374 0.1424], 0.0056, 0.3583
303 , curve_61_X21.tif, [0.8044 0.0961], 0.0003, 0.4467
304 , curve_61_X25.tif, [0.8828 0.1623], 0.0065, 0.5037
305 , curve_62_X10.tif, [0.9044 0.024 ], 0.0063, 0.2396
306 , curve_62_X15.tif, [0.7078 0.0299], 0.0947, 0.2069
307 , curve_62_X18.tif, [0.8732 0.0311], 0.0191, 0.3046
308 , curve_62_X21.tif, [0.8775 0.0278], 0.0018, 0.3759
309 , curve_62_X25.tif, [0.4725 0.0214], 0.0052, 0.4280
310 , curve_63_X10.tif, [0.2925 0.0104], 0.0012, 0.2775
311 , curve_63_X15.tif, [0.8786 0.0316], 0.0054, 0.2048
312 , curve_63_X18.tif, [0.922  0.0305], 0.0083, 0.2806
313 , curve_63_X21.tif, [0.956  0.0495], 0.0027, 0.3520
314 , curve_63_X25.tif, [0.8905 0.0332], 0.0101, 0.4143
315 , curve_64_X10.tif, [0.9663 0.0264], 0.0246, 0.2526
316 , curve_64_X15.tif, [0.4968 0.0614], 0.0103, 0.2397
317 , curve_64_X18.tif, [0.1803 0.0373], 0.0101, 0.3404
318 , curve_64_X21.tif, [0.8503 0.0914], 0.0021, 0.4112
319 , curve_64_X25.tif, [0.6692 0.1727], 0.0011, 0.4929
320 , curve_65_X10.tif, [0.9269 0.0471], 0.0406, 0.2909
321 , curve_65_X15.tif, [0.4342 0.025 ], 0.0035, 0.2353
322 , curve_65_X18.tif, [0.5246 0.0547], 0.0082, 0.3215
323 , curve_65_X21.tif, [0.926  0.0617], 0.0001, 0.3839
324 , curve_65_X25.tif, [0.4702 0.0431], 0.0018, 0.4273
325 , curve_66_X10.tif, [0.3022 0.0202], 0.0228, 0.2403
326 , curve_66_X15.tif, [0.8707 0.0591], 0.0116, 0.2275
327 , curve_66_X18.tif, [0.3713 0.0731], 0.0001, 0.3141
328 , curve_66_X21.tif, [0.3264 0.0611], 0.0070, 0.3719
329 , curve_66_X25.tif, [0.3554 0.1585], 0.0015, 0.4342
330 , curve_67_X10.tif, [0.9232 0.016 ], 0.3559, 0.2305
331 , curve_67_X15.tif, [0.4517 0.0373], 0.0215, 0.2567
332 , curve_67_X18.tif, [0.8039 0.0342], 0.0090, 0.3712
333 , curve_67_X21.tif, [0.8939 0.0358], 0.0199, 0.4456
334 , curve_67_X25.tif, [0.9292 0.0246], 0.0123, 0.5130
335 , curve_68_X10.tif, [0.3228 0.0467], 0.0153, 0.2648
336 , curve_68_X15.tif, [0.3287 0.0492], 0.0081, 0.2731
337 , curve_68_X18.tif, [0.3226 0.0996], 0.0120, 0.3646
338 , curve_68_X21.tif, [0.9849 0.1519], 0.0017, 0.4455
339 , curve_68_X25.tif, [0.8884 0.1522], 0.0020, 0.5141
340 , curve_69_X10.tif, [0.7286 0.0404], 0.0129, 0.2631
341 , curve_69_X15.tif, [0.992  0.0624], 0.0077, 0.2435
342 , curve_69_X18.tif, [0.4455 0.0645], 0.0014, 0.3266
343 , curve_69_X21.tif, [0.4978 0.1471], 0.0040, 0.3990
344 , curve_69_X25.tif, [0.9995 0.1983], 0.0043, 0.4547
345 , curve_70_X10.tif, [0.4608 0.0157], 0.2732, 0.2701
346 , curve_70_X15.tif, [0.6054 0.0351], 0.0054, 0.2424
347 , curve_70_X18.tif, [0.5513 0.0312], 0.0013, 0.3129
348 , curve_70_X21.tif, [0.5119 0.0544], 0.0033, 0.3764
349 , curve_70_X25.tif, [0.9759 0.0317], 0.0010, 0.4454
350 , curve_71_X10.tif, [0.4402 0.0288], 0.0124, 0.2485
351 , curve_71_X15.tif, [0.9356 0.039 ], 0.0076, 0.2552
352 , curve_71_X18.tif, [0.7718 0.085 ], 0.0024, 0.3457
353 , curve_71_X21.tif, [0.538  0.1155], 0.0026, 0.3973
354 , curve_71_X25.tif, [0.8924 0.0741], 0.0015, 0.4430
355 , curve_72_X10.tif, [0.8721 0.032 ], 0.0423, 0.2034
356 , curve_72_X15.tif, [0.6504 0.0493], 0.0091, 0.2820
357 , curve_72_X18.tif, [0.5493 0.1041], 0.0384, 0.4106
358 , curve_72_X21.tif, [0.3388 0.031 ], 0.0054, 0.4952
359 , curve_72_X25.tif, [0.7729 0.1342], 0.0118, 0.5877
360 , curve_73_X10.tif, [0.6382 0.0315], 0.0062, 0.2562
361 , curve_73_X15.tif, [0.7226 0.0425], 0.0336, 0.2513
362 , curve_73_X18.tif, [0.25   0.0857], 0.0148, 0.3355
363 , curve_73_X21.tif, [0.6037 0.0257], 0.0035, 0.3851
364 , curve_73_X25.tif, [0.1884 0.0757], 0.0174, 0.4653
365 , curve_74_X10.tif, [0.6803 0.0523], 0.0693, 0.2372
366 , curve_74_X15.tif, [0.7614 0.0943], 0.0083, 0.2620
367 , curve_74_X18.tif, [0.8867 0.0884], 0.0026, 0.3405
368 , curve_74_X21.tif, [0.2469 0.0157], 0.0122, 0.4002
369 , curve_74_X25.tif, [0.3831 0.1093], 0.0020, 0.4808
370 , curve_75_X10.tif, [0.8297 0.0328], 0.0215, 0.2244
371 , curve_75_X15.tif, [0.6884 0.0305], 0.0070, 0.2380
372 , curve_75_X18.tif, [0.3881 0.0263], 0.0072, 0.3557
373 , curve_75_X21.tif, [0.6915 0.036 ], 0.0037, 0.4200
374 , curve_75_X25.tif, [0.7682 0.1448], 0.0011, 0.4935
375 , curve_76_X10.tif, [0.4128 0.0238], 0.0325, 0.2398
376 , curve_76_X15.tif, [0.6501 0.0993], 0.0020, 0.2847
377 , curve_76_X18.tif, [0.625  0.1242], 0.0036, 0.3807
378 , curve_76_X21.tif, [0.9314 0.0679], 0.0035, 0.4411
379 , curve_76_X25.tif, [0.3745 0.099 ], 0.0049, 0.5225
380 , curve_77_X10.tif, [0.5502 0.0209], 0.0268, 0.2208
381 , curve_77_X15.tif, [0.6286 0.0296], 0.0062, 0.2497
382 , curve_77_X18.tif, [0.3678 0.0202], 0.0118, 0.3541
383 , curve_77_X21.tif, [0.2763 0.0813], 0.0065, 0.4021
384 , curve_77_X25.tif, [0.3884 0.0299], 0.0062, 0.4758
385 , curve_78_X10.tif, [0.5851 0.0356], 0.0325, 0.2519
386 , curve_78_X15.tif, [0.7154 0.0296], 0.0211, 0.2670
387 , curve_78_X18.tif, [0.6746 0.0731], 0.0047, 0.3562
388 , curve_78_X21.tif, [0.2828 0.0627], 0.0076, 0.4403
389 , curve_78_X25.tif, [0.4896 0.1462], 0.0077, 0.5047
390 , curve_79_X10.tif, [0.1715 0.0102], 0.0269, 0.2303
391 , curve_79_X15.tif, [0.1009 0.0408], 0.0248, 0.2602
392 , curve_79_X18.tif, [0.9999 0.059 ], 0.0227, 0.3560
393 , curve_79_X21.tif, [0.1221 0.1007], 0.0446, 0.4397
394 , curve_79_X25.tif, [0.7979 0.0707], 0.0055, 0.4896
395 , curve_80_X10.tif, [0.3501 0.049 ], 0.0122, 0.2417
396 , curve_80_X15.tif, [0.2242 0.0444], 0.0121, 0.2442
397 , curve_80_X18.tif, [0.7736 0.1668], 0.0066, 0.3565
398 , curve_80_X21.tif, [0.829  0.0715], 0.0062, 0.4163
399 , curve_80_X25.tif, [0.1614 0.1357], 0.0029, 0.5055
400 , curve_81_X10.tif, [0.4427 0.1063], 0.0034, 0.2926
401 , curve_81_X15.tif, [0.5273 0.0779], 0.0091, 0.2775
402 , curve_81_X18.tif, [0.5775 0.0602], 0.0083, 0.3700
403 , curve_81_X21.tif, [0.1778 0.0386], 0.0059, 0.4286
404 , curve_81_X25.tif, [0.2624 0.084 ], 0.0093, 0.4832
405 , curve_82_X10.tif, [0.5218 0.0379], 0.0160, 0.2480
406 , curve_82_X15.tif, [0.6986 0.0487], 0.0071, 0.2579
407 , curve_82_X18.tif, [0.2661 0.1074], 0.0063, 0.3611
408 , curve_82_X21.tif, [0.2293 0.0634], 0.0060, 0.4241
409 , curve_82_X25.tif, [0.2326 0.1169], 0.0013, 0.4970
410 , curve_83_X10.tif, [0.6847 0.0263], 0.0103, 0.2766
411 , curve_83_X15.tif, [0.3517 0.0225], 0.0121, 0.2326
412 , curve_83_X18.tif, [0.8737 0.0414], 0.0055, 0.3073
413 , curve_83_X21.tif, [0.6096 0.0547], 0.0040, 0.3887
414 , curve_83_X25.tif, [0.4096 0.1058], 0.0005, 0.4638
415 , curve_84_X10.tif, [0.9737 0.0327], 0.0226, 0.2642
416 , curve_84_X15.tif, [0.8472 0.0508], 0.0021, 0.2473
417 , curve_84_X18.tif, [0.4016 0.0405], 0.0029, 0.3355
418 , curve_84_X21.tif, [0.7283 0.0812], 0.0089, 0.3943
419 , curve_84_X25.tif, [0.8138 0.0333], 0.0011, 0.4642
420 , curve_85_X10.tif, [0.6744 0.0389], 0.0093, 0.2688
421 , curve_85_X15.tif, [0.5791 0.1049], 0.0014, 0.2762
422 , curve_85_X18.tif, [0.2144 0.1374], 0.0228, 0.3471
423 , curve_85_X21.tif, [0.1442 0.0157], 0.0125, 0.4085
424 , curve_85_X25.tif, [0.9218 0.0311], 0.0277, 0.4689
425 , curve_86_X10.tif, [0.959  0.0411], 0.0403, 0.2459
426 , curve_86_X15.tif, [0.8518 0.0316], 0.0144, 0.2312
427 , curve_86_X18.tif, [0.6217 0.0454], 0.0012, 0.3381
428 , curve_86_X21.tif, [0.7861 0.0331], 0.0108, 0.4121
429 , curve_86_X25.tif, [0.9765 0.0807], 0.0173, 0.4852
430 , curve_87_X10.tif, [0.3411 0.0127], 0.0704, 0.2510
431 , curve_87_X15.tif, [0.5773 0.037 ], 0.0237, 0.2573
432 , curve_87_X18.tif, [0.6596 0.0568], 0.0050, 0.3579
433 , curve_87_X21.tif, [0.1683 0.0472], 0.0301, 0.4089
434 , curve_87_X25.tif, [0.2155 0.0702], 0.0000, 0.4761
435 , curve_88_X10.tif, [0.821  0.0287], 0.0095, 0.2075
436 , curve_88_X15.tif, [0.9315 0.078 ], 0.0098, 0.2883
437 , curve_88_X18.tif, [0.928  0.0482], 0.0036, 0.3423
438 , curve_88_X21.tif, [0.6998 0.1391], 0.0048, 0.4297
439 , curve_88_X25.tif, [0.5258 0.0701], 0.0014, 0.4849
440 , curve_89_X10.tif, [0.3792 0.055 ], 0.0034, 0.3190
441 , curve_89_X15.tif, [0.3395 0.0496], 0.0254, 0.2616
442 , curve_89_X18.tif, [0.5504 0.1345], 0.0131, 0.3742
443 , curve_89_X21.tif, [0.1809 0.1125], 0.0148, 0.4483
444 , curve_89_X25.tif, [0.154  0.0419], 0.0247, 0.5192
445 , curve_90_X10.tif, [0.9636 0.0357], 0.0057, 0.1982
446 , curve_90_X15.tif, [0.3365 0.0307], 0.0032, 0.2376
447 , curve_90_X18.tif, [0.9974 0.0641], 0.0026, 0.3393
448 , curve_90_X21.tif, [0.3687 0.0161], 0.0010, 0.4091
449 , curve_90_X25.tif, [0.3211 0.07  ], 0.0030, 0.4855
450 , curve_91_X10.tif, [0.7738 0.029 ], 0.0757, 0.2139
451 , curve_91_X15.tif, [0.9698 0.0307], 0.0451, 0.2505
452 , curve_91_X18.tif, [0.6687 0.0428], 0.0001, 0.3435
453 , curve_91_X21.tif, [0.9961 0.0605], 0.0063, 0.4055
454 , curve_91_X25.tif, [0.637  0.0512], 0.0145, 0.4662
455 , curve_92_X10.tif, [0.5334 0.03  ], 0.0109, 0.2337
456 , curve_92_X15.tif, [0.8603 0.0566], 0.0003, 0.2662
457 , curve_92_X18.tif, [0.4511 0.0329], 0.0156, 0.3428
458 , curve_92_X21.tif, [0.9677 0.0873], 0.0061, 0.4194
459 , curve_92_X25.tif, [0.3304 0.103 ], 0.0060, 0.4703
460 , curve_93_X10.tif, [0.7257 0.019 ], 0.0970, 0.2197
461 , curve_93_X15.tif, [0.9773 0.0394], 0.0654, 0.2445
462 , curve_93_X18.tif, [0.9805 0.0375], 0.0253, 0.3347
463 , curve_93_X21.tif, [0.2865 0.0199], 0.0188, 0.4029
464 , curve_93_X25.tif, [0.8    0.0608], 0.0192, 0.4580
465 , curve_94_X10.tif, [0.9922 0.0504], 0.0506, 0.2493
466 , curve_94_X15.tif, [0.9735 0.0431], 0.0731, 0.2687
467 , curve_94_X18.tif, [0.9138 0.0388], 0.0043, 0.3349
468 , curve_94_X21.tif, [0.5163 0.0372], 0.0030, 0.3986
469 , curve_94_X25.tif, [0.8897 0.0708], 0.0006, 0.4606
470 , curve_95_X10.tif, [0.1944 0.051 ], 0.0225, 0.2609
471 , curve_95_X15.tif, [0.2486 0.0143], 0.0913, 0.2559
472 , curve_95_X18.tif, [0.1146 0.0191], 0.0016, 0.3290
473 , curve_95_X21.tif, [0.1324 0.0292], 0.0093, 0.4235
474 , curve_95_X25.tif, [0.1653 0.0367], 0.0685, 0.4868
475 , curve_96_X10.tif, [0.8668 0.0258], 0.0059, 0.2239
476 , curve_96_X15.tif, [0.4653 0.0251], 0.0011, 0.2448
477 , curve_96_X18.tif, [0.889  0.0733], 0.0028, 0.3493
478 , curve_96_X21.tif, [0.3929 0.0349], 0.0239, 0.4039
479 , curve_96_X25.tif, [0.2599 0.0407], 0.0061, 0.4784
480 , curve_97_X10.tif, [0.6836 0.0484], 0.0091, 0.2644
481 , curve_97_X15.tif, [0.8146 0.0258], 0.0019, 0.2474
482 , curve_97_X18.tif, [0.3965 0.1154], 0.0012, 0.3633
483 , curve_97_X21.tif, [0.1795 0.0626], 0.0016, 0.4220
484 , curve_97_X25.tif, [0.2898 0.1641], 0.0088, 0.4998
485 , curve_98_X10.tif, [0.9196 0.0572], 0.0126, 0.2579
486 , curve_98_X15.tif, [0.9452 0.03  ], 0.0104, 0.2723
487 , curve_98_X18.tif, [0.5771 0.0456], 0.0018, 0.3447
488 , curve_98_X21.tif, [0.5164 0.0956], 0.0182, 0.4524
489 , curve_98_X25.tif, [0.632  0.0861], 0.0103, 0.5103
490 , curve_99_X10.tif, [0.9178 0.0257], 0.0150, 0.2421
491 , curve_99_X15.tif, [0.928  0.0307], 0.0065, 0.2420
492 , curve_99_X18.tif, [0.3304 0.0297], 0.0102, 0.3315
493 , curve_99_X21.tif, [0.4618 0.12  ], 0.0004, 0.4048
494 , curve_99_X25.tif, [0.7117 0.027 ], 0.0029, 0.4669
495 , curve_100_X10.tif, [0.9866 0.033 ], 0.0101, 0.2208
496 , curve_100_X15.tif, [0.7221 0.0676], 0.0114, 0.2469
497 , curve_100_X18.tif, [0.361 0.102], 0.0086, 0.3504
498 , curve_100_X21.tif, [0.4936 0.1399], 0.0055, 0.4162
499 , curve_100_X25.tif, [0.47   0.1691], 0.0027, 0.4761
500 , curve_101_X10.tif, [0.9132 0.0239], 0.0905, 0.2258
501 , curve_101_X15.tif, [0.997  0.0428], 0.0045, 0.2567
502 , curve_101_X18.tif, [0.5157 0.0422], 0.0085, 0.3248
503 , curve_101_X21.tif, [0.9987 0.0604], 0.0009, 0.4230
504 , curve_101_X25.tif, [0.471  0.0622], 0.0003, 0.4822
505 , curve_102_X10.tif, [0.6791 0.0184], 0.0789, 0.2469
506 , curve_102_X15.tif, [0.3371 0.031 ], 0.0105, 0.2347
507 , curve_102_X18.tif, [0.4459 0.0618], 0.0022, 0.3533
508 , curve_102_X21.tif, [0.7575 0.0896], 0.0094, 0.4272
509 , curve_102_X25.tif, [0.5161 0.068 ], 0.0131, 0.5129
510 , curve_103_X10.tif, [0.8309 0.016 ], 0.2449, 0.2371
511 , curve_103_X15.tif, [0.9821 0.0759], 0.0032, 0.2898
512 , curve_103_X18.tif, [0.3564 0.0674], 0.0280, 0.3668
513 , curve_103_X21.tif, [0.763 0.044], 0.0239, 0.4277
514 , curve_103_X25.tif, [0.9098 0.0875], 0.0179, 0.5075
515 , curve_104_X10.tif, [0.4738 0.0235], 0.0175, 0.2322
516 , curve_104_X15.tif, [0.593 0.044], 0.0056, 0.2504
517 , curve_104_X18.tif, [0.6249 0.0609], 0.0042, 0.3343
518 , curve_104_X21.tif, [0.1699 0.0878], 0.0080, 0.4145
519 , curve_104_X25.tif, [0.5494 0.0283], 0.0014, 0.4824
520 , curve_105_X10.tif, [0.5641 0.0433], 0.0859, 0.2648
521 , curve_105_X15.tif, [0.65   0.0633], 0.0184, 0.2591
522 , curve_105_X18.tif, [0.5908 0.1153], 0.0051, 0.3611
523 , curve_105_X21.tif, [0.6956 0.1511], 0.0026, 0.4412
524 , curve_105_X25.tif, [0.2489 0.1918], 0.0021, 0.5098
525 , curve_106_X10.tif, [0.4625 0.037 ], 0.1476, 0.2374
526 , curve_106_X15.tif, [0.8709 0.0398], 0.0549, 0.2452
527 , curve_106_X18.tif, [0.5068 0.0503], 0.0114, 0.3302
528 , curve_106_X21.tif, [0.5522 0.0504], 0.0001, 0.4017
529 , curve_106_X25.tif, [0.2054 0.0594], 0.0018, 0.4604
530 , curve_107_X10.tif, [0.9087 0.0525], 0.0440, 0.2787
531 , curve_107_X15.tif, [0.4981 0.0699], 0.0074, 0.2424
532 , curve_107_X18.tif, [0.8357 0.0692], 0.0009, 0.3080
533 , curve_107_X21.tif, [0.7447 0.0328], 0.0074, 0.3802
534 , curve_107_X25.tif, [0.2807 0.0523], 0.0033, 0.4451
535 , curve_108_X10.tif, [0.9413 0.0518], 0.0079, 0.2502
536 , curve_108_X15.tif, [0.6119 0.0581], 0.0176, 0.2511
537 , curve_108_X18.tif, [0.8996 0.1093], 0.0000, 0.3457
538 , curve_108_X21.tif, [0.445 0.108], 0.0027, 0.4192
539 , curve_108_X25.tif, [0.3764 0.1417], 0.0042, 0.4913
540 , curve_109_X10.tif, [0.7695 0.0325], 0.0043, 0.2212
541 , curve_109_X15.tif, [0.9719 0.0427], 0.0165, 0.2525
542 , curve_109_X18.tif, [0.9729 0.0709], 0.0007, 0.3672
543 , curve_109_X21.tif, [0.7182 0.0792], 0.0104, 0.4431
544 , curve_109_X25.tif, [0.466 0.052], 0.0008, 0.5203
545 , curve_110_X10.tif, [0.9945 0.0179], 0.0238, 0.2373
546 , curve_110_X15.tif, [0.7797 0.0295], 0.0145, 0.2421
547 , curve_110_X18.tif, [0.8827 0.0332], 0.0585, 0.3479
548 , curve_110_X21.tif, [0.9855 0.0369], 0.0043, 0.4112
549 , curve_110_X25.tif, [0.7729 0.033 ], 0.0325, 0.4871
550 , curve_111_X10.tif, [0.6949 0.025 ], 0.0134, 0.2525
551 , curve_111_X15.tif, [0.694  0.0398], 0.0158, 0.2299
552 , curve_111_X18.tif, [0.6218 0.0308], 0.0133, 0.3180
553 , curve_111_X21.tif, [0.4471 0.1392], 0.0080, 0.3973
554 , curve_111_X25.tif, [0.3428 0.0326], 0.0076, 0.4508
555 , curve_112_X10.tif, [0.7454 0.0208], 0.0171, 0.2442
556 , curve_112_X15.tif, [0.4278 0.0301], 0.0022, 0.2475
557 , curve_112_X18.tif, [0.5245 0.046 ], 0.0331, 0.3270
558 , curve_112_X21.tif, [0.4186 0.0313], 0.0919, 0.3962
559 , curve_112_X25.tif, [0.9406 0.0574], 0.1028, 0.4580
560 , curve_113_X10.tif, [0.6276 0.0299], 0.0022, 0.2395
561 , curve_113_X15.tif, [0.2779 0.0221], 0.0105, 0.2279
562 , curve_113_X18.tif, [0.9228 0.0252], 0.0100, 0.3090
563 , curve_113_X21.tif, [0.655  0.0306], 0.0242, 0.3841
564 , curve_113_X25.tif, [0.4371 0.0567], 0.0138, 0.4605
565 , curve_114_X10.tif, [0.7488 0.0364], 0.0242, 0.2450
566 , curve_114_X15.tif, [0.5913 0.047 ], 0.0006, 0.2547
567 , curve_114_X18.tif, [0.943  0.1206], 0.0035, 0.3467
568 , curve_114_X21.tif, [0.5677 0.0553], 0.0003, 0.4031
569 , curve_114_X25.tif, [0.107  0.0956], 0.0033, 0.4628
570 , curve_115_X10.tif, [0.5371 0.0231], 0.0116, 0.2385
571 , curve_115_X15.tif, [0.8662 0.0324], 0.0029, 0.2413
572 , curve_115_X18.tif, [0.4544 0.0364], 0.0086, 0.3607
573 , curve_115_X21.tif, [0.6731 0.0477], 0.0130, 0.4375
574 , curve_115_X25.tif, [0.9059 0.0884], 0.0034, 0.5185
575 , curve_116_X10.tif, [0.8801 0.0345], 0.0089, 0.2201
576 , curve_116_X15.tif, [0.2329 0.0128], 0.0053, 0.2390
577 , curve_116_X18.tif, [0.4372 0.043 ], 0.0032, 0.3468
578 , curve_116_X21.tif, [0.7367 0.0443], 0.0071, 0.4055
579 , curve_116_X25.tif, [0.8653 0.0827], 0.0147, 0.4820
580 , curve_117_X10.tif, [0.5431 0.038 ], 0.0386, 0.2608
581 , curve_117_X15.tif, [0.1753 0.0288], 0.0017, 0.2475
582 , curve_117_X18.tif, [0.2    0.0833], 0.0130, 0.3458
583 , curve_117_X21.tif, [0.2034 0.076 ], 0.0037, 0.3908
584 , curve_117_X25.tif, [0.1372 0.0336], 0.0130, 0.4487
585 , curve_118_X10.tif, [0.8665 0.0584], 0.0069, 0.2529
586 , curve_118_X15.tif, [0.3868 0.0344], 0.0068, 0.2385
587 , curve_118_X18.tif, [0.5623 0.0351], 0.0113, 0.3175
588 , curve_118_X21.tif, [0.7995 0.0656], 0.0027, 0.3919
589 , curve_118_X25.tif, [0.6488 0.0616], 0.0171, 0.4598
590 , curve_119_X10.tif, [0.9033 0.0328], 0.0159, 0.2530
591 , curve_119_X15.tif, [0.759  0.0377], 0.0068, 0.2362
592 , curve_119_X18.tif, [0.9331 0.0359], 0.0211, 0.3413
593 , curve_119_X21.tif, [0.6257 0.0737], 0.0040, 0.4135
594 , curve_119_X25.tif, [0.7561 0.0648], 0.0101, 0.4777
595 , curve_120_X10.tif, [0.357  0.0229], 0.0167, 0.2375
596 , curve_120_X15.tif, [0.4055 0.0914], 0.0068, 0.2686
597 , curve_120_X18.tif, [0.2495 0.1314], 0.0088, 0.3498
598 , curve_120_X21.tif, [0.2841 0.0584], 0.0322, 0.4184
599 , curve_120_X25.tif, [0.423  0.0511], 0.0029, 0.4871
600 , curve_121_X10.tif, [0.558 0.029], 0.3386, 0.2472
601 , curve_121_X15.tif, [0.9979 0.062 ], 0.0407, 0.2462
602 , curve_121_X18.tif, [0.4479 0.0267], 0.0316, 0.3464
603 , curve_121_X21.tif, [0.9221 0.0306], 0.0008, 0.4072
604 , curve_121_X25.tif, [0.8011 0.0564], 0.0029, 0.4962
605 , curve_122_X10.tif, [0.5741 0.0402], 0.0096, 0.2598
606 , curve_122_X15.tif, [0.5883 0.0748], 0.0081, 0.2515
607 , curve_122_X18.tif, [0.9524 0.0363], 0.0078, 0.3167
608 , curve_122_X21.tif, [0.7139 0.0356], 0.0195, 0.3877
609 , curve_122_X25.tif, [0.8638 0.0604], 0.0006, 0.4534
610 , curve_123_X10.tif, [0.7974 0.058 ], 0.0145, 0.2406
611 , curve_123_X15.tif, [0.253  0.0173], 0.0140, 0.2752
612 , curve_123_X18.tif, [0.5515 0.1661], 0.0137, 0.4031
613 , curve_123_X21.tif, [0.5917 0.0624], 0.0018, 0.4646
614 , curve_123_X25.tif, [0.6602 0.1589], 0.0032, 0.5531
615 , curve_124_X10.tif, [0.963  0.0583], 0.0027, 0.2002
616 , curve_124_X15.tif, [0.9745 0.0493], 0.1221, 0.2527
617 , curve_124_X18.tif, [0.8641 0.0386], 0.0133, 0.3621
618 , curve_124_X21.tif, [0.7228 0.0513], 0.0066, 0.4453
619 , curve_124_X25.tif, [0.8307 0.0515], 0.0006, 0.5244
620 , curve_125_X10.tif, [0.9687 0.0249], 0.0396, 0.2164
621 , curve_125_X15.tif, [0.3425 0.0129], 0.1588, 0.2324
622 , curve_125_X18.tif, [0.5533 0.0228], 0.0183, 0.3246
623 , curve_125_X21.tif, [0.9669 0.1467], 0.0431, 0.4210
624 , curve_125_X25.tif, [0.3148 0.0341], 0.0511, 0.4795
625 , curve_126_X10.tif, [0.7527 0.0236], 0.0093, 0.2277
626 , curve_126_X15.tif, [0.9458 0.0513], 0.0086, 0.2536
627 , curve_126_X18.tif, [0.3035 0.11  ], 0.0087, 0.3548
628 , curve_126_X21.tif, [0.9418 0.0742], 0.0065, 0.4231
629 , curve_126_X25.tif, [0.4328 0.1565], 0.0008, 0.5158
630 , curve_127_X10.tif, [0.6984 0.0266], 0.1691, 0.2275
631 , curve_127_X15.tif, [0.9371 0.0279], 0.0193, 0.2313
632 , curve_127_X18.tif, [0.3677 0.0339], 0.0644, 0.3360
633 , curve_127_X21.tif, [0.4928 0.0254], 0.0098, 0.3854
634 , curve_127_X25.tif, [0.5917 0.0544], 0.0158, 0.4553
635 , curve_128_X10.tif, [0.645  0.0265], 0.0102, 0.2382
636 , curve_128_X15.tif, [0.8832 0.0309], 0.0083, 0.2323
637 , curve_128_X18.tif, [0.9516 0.0702], 0.0077, 0.3167
638 , curve_128_X21.tif, [0.5023 0.1191], 0.0058, 0.3652
639 , curve_128_X25.tif, [0.2282 0.0887], 0.0022, 0.4474
640 , curve_129_X10.tif, [0.9935 0.0414], 0.3342, 0.2501
641 , curve_129_X15.tif, [0.3042 0.0274], 0.0060, 0.2317
642 , curve_129_X18.tif, [0.681  0.1433], 0.0333, 0.3874
643 , curve_129_X21.tif, [0.5134 0.0758], 0.0084, 0.4253
644 , curve_129_X25.tif, [0.9525 0.0528], 0.0044, 0.4902
645 , curve_130_X10.tif, [0.9188 0.0301], 0.0022, 0.2421
646 , curve_130_X15.tif, [0.184  0.0543], 0.0313, 0.2361
647 , curve_130_X18.tif, [0.3489 0.1399], 0.0038, 0.3488
648 , curve_130_X21.tif, [0.401  0.1836], 0.0146, 0.4151
649 , curve_130_X25.tif, [0.1046 0.0129], 0.0088, 0.4804
650 , curve_131_X10.tif, [0.2052 0.0282], 0.0282, 0.2767
651 , curve_131_X15.tif, [0.2466 0.0423], 0.0140, 0.2552
652 , curve_131_X18.tif, [0.7631 0.0535], 0.0052, 0.3428
653 , curve_131_X21.tif, [0.1078 0.0691], 0.0138, 0.4157
654 , curve_131_X25.tif, [0.1667 0.0512], 0.0036, 0.4837
655 , curve_132_X10.tif, [0.3169 0.0304], 0.0368, 0.2119
656 , curve_132_X15.tif, [0.6561 0.0472], 0.0065, 0.2547
657 , curve_132_X18.tif, [0.8856 0.042 ], 0.0049, 0.3588
658 , curve_132_X21.tif, [0.5036 0.0279], 0.0023, 0.4365
659 , curve_132_X25.tif, [0.4364 0.0322], 0.0058, 0.5336
660 , curve_133_X10.tif, [0.9997 0.0239], 0.0184, 0.2416
661 , curve_133_X15.tif, [0.3382 0.0593], 0.0053, 0.2495
662 , curve_133_X18.tif, [0.3403 0.0558], 0.0026, 0.3531
663 , curve_133_X21.tif, [0.1697 0.0829], 0.0050, 0.4198
664 , curve_133_X25.tif, [0.5041 0.0609], 0.0068, 0.4912
665 , curve_134_X10.tif, [0.469  0.0635], 0.1556, 0.2747
666 , curve_134_X15.tif, [0.7429 0.0267], 0.0141, 0.2358
667 , curve_134_X18.tif, [0.8405 0.0266], 0.0007, 0.3405
668 , curve_134_X21.tif, [0.9032 0.0782], 0.0028, 0.4000
669 , curve_134_X25.tif, [0.6794 0.0255], 0.0086, 0.4803
670 , curve_135_X10.tif, [0.988  0.0293], 0.0158, 0.2141
671 , curve_135_X15.tif, [0.9521 0.0325], 0.0067, 0.2383
672 , curve_135_X18.tif, [0.6163 0.0337], 0.0196, 0.3535
673 , curve_135_X21.tif, [0.9904 0.053 ], 0.0599, 0.4390
674 , curve_135_X25.tif, [0.9902 0.0344], 0.0046, 0.5100
675 , curve_136_X10.tif, [0.8614 0.0356], 0.0014, 0.2243
676 , curve_136_X15.tif, [0.9017 0.0239], 0.0206, 0.2662
677 , curve_136_X18.tif, [0.6292 0.0707], 0.0037, 0.3620
678 , curve_136_X21.tif, [0.7515 0.0574], 0.0021, 0.4207
679 , curve_136_X25.tif, [0.7793 0.0598], 0.0082, 0.4943
680 , curve_137_X10.tif, [0.9271 0.0199], 0.0227, 0.2441
681 , curve_137_X15.tif, [0.7779 0.0424], 0.0267, 0.2409
682 , curve_137_X18.tif, [0.3184 0.0291], 0.0081, 0.3359
683 , curve_137_X21.tif, [0.3714 0.0629], 0.0144, 0.4214
684 , curve_137_X25.tif, [0.5914 0.0937], 0.0011, 0.4933
685 , curve_138_X10.tif, [0.9425 0.0283], 0.1840, 0.2149
686 , curve_138_X15.tif, [0.3449 0.0299], 0.0874, 0.2355
687 , curve_138_X18.tif, [0.9835 0.044 ], 0.0102, 0.3349
688 , curve_138_X21.tif, [0.6231 0.0561], 0.0099, 0.4071
689 , curve_138_X25.tif, [0.532  0.0476], 0.0347, 0.4705
690 , curve_139_X10.tif, [0.6122 0.047 ], 0.0129, 0.2715
691 , curve_139_X15.tif, [0.963  0.0574], 0.0036, 0.2612
692 , curve_139_X18.tif, [0.2428 0.0359], 0.0048, 0.3531
693 , curve_139_X21.tif, [0.3847 0.133 ], 0.0119, 0.4199
694 , curve_139_X25.tif, [0.8815 0.1999], 0.0074, 0.4906
695 , curve_140_X10.tif, [0.9108 0.0337], 0.0725, 0.2004
696 , curve_140_X15.tif, [0.8232 0.0533], 0.0108, 0.2502
697 , curve_140_X18.tif, [0.2141 0.022 ], 0.0060, 0.3512
698 , curve_140_X21.tif, [0.5282 0.0708], 0.0057, 0.4267
699 , curve_140_X25.tif, [0.5652 0.0798], 0.0071, 0.5054
700 , curve_141_X10.tif, [0.5971 0.0335], 0.0199, 0.2239
701 , curve_141_X15.tif, [0.7155 0.0288], 0.0031, 0.2460
702 , curve_141_X18.tif, [0.9349 0.0277], 0.0516, 0.3433
703 , curve_141_X21.tif, [0.7553 0.0903], 0.0092, 0.4119
704 , curve_141_X25.tif, [0.7218 0.0284], 0.0031, 0.4761
705 , curve_142_X10.tif, [0.8474 0.0327], 0.0105, 0.2234
706 , curve_142_X15.tif, [0.6445 0.0432], 0.0086, 0.2455
707 , curve_142_X18.tif, [0.6333 0.0781], 0.0234, 0.3302
708 , curve_142_X21.tif, [0.8119 0.0787], 0.0330, 0.4049
709 , curve_142_X25.tif, [0.3565 0.0825], 0.0041, 0.4688
710 , curve_143_X10.tif, [0.834  0.0285], 0.0411, 0.2310
711 , curve_143_X15.tif, [0.1645 0.0697], 0.0258, 0.2674
712 , curve_143_X18.tif, [0.3274 0.148 ], 0.0023, 0.3693
713 , curve_143_X21.tif, [0.1585 0.0715], 0.0060, 0.4179
714 , curve_143_X25.tif, [0.5427 0.0429], 0.0868, 0.4903
715 , curve_144_X10.tif, [0.9952 0.052 ], 0.0575, 0.2591
716 , curve_144_X15.tif, [0.8675 0.0526], 0.0009, 0.2412
717 , curve_144_X18.tif, [0.5397 0.0967], 0.0083, 0.3261
718 , curve_144_X21.tif, [0.6525 0.0911], 0.0183, 0.3838
719 , curve_144_X25.tif, [0.2293 0.0962], 0.0090, 0.4497
720 , curve_145_X10.tif, [0.523  0.0211], 0.0042, 0.2106
721 , curve_145_X15.tif, [0.234  0.0121], 0.0535, 0.2172
722 , curve_145_X18.tif, [0.2994 0.0215], 0.0962, 0.3186
723 , curve_145_X21.tif, [0.6329 0.0536], 0.0200, 0.4093
724 , curve_145_X25.tif, [0.9195 0.065 ], 0.0050, 0.4726
725 , curve_146_X10.tif, [0.9213 0.0544], 0.0018, 0.2459
726 , curve_146_X15.tif, [0.4966 0.0398], 0.0023, 0.2688
727 , curve_146_X18.tif, [0.5617 0.0279], 0.0056, 0.3399
728 , curve_146_X21.tif, [0.5257 0.1118], 0.0038, 0.4065
729 , curve_146_X25.tif, [0.9366 0.1042], 0.0011, 0.4829
730 , curve_147_X10.tif, [0.6876 0.0262], 0.0065, 0.2147
731 , curve_147_X15.tif, [0.4172 0.0543], 0.0049, 0.2483
732 , curve_147_X18.tif, [0.8152 0.0435], 0.0426, 0.3466
733 , curve_147_X21.tif, [0.2491 0.0372], 0.0074, 0.4352
734 , curve_147_X25.tif, [0.5079 0.0851], 0.0010, 0.4970
735 , curve_148_X10.tif, [0.9377 0.0436], 0.0476, 0.2137
736 , curve_148_X15.tif, [0.8581 0.0772], 0.0165, 0.2652
737 , curve_148_X18.tif, [0.2944 0.1203], 0.0025, 0.3676
738 , curve_148_X21.tif, [0.7924 0.1167], 0.0026, 0.4204
739 , curve_148_X25.tif, [0.111 0.108], 0.0128, 0.4794
740 , curve_149_X10.tif, [0.643  0.0428], 0.0042, 0.2686
741 , curve_149_X15.tif, [0.2145 0.0299], 0.0113, 0.2297
742 , curve_149_X18.tif, [0.6392 0.1135], 0.0078, 0.3375
743 , curve_149_X21.tif, [0.1442 0.0157], 0.0044, 0.3811
744 , curve_149_X25.tif, [0.8206 0.1591], 0.0055, 0.4550
745 , curve_150_X10.tif, [0.6278 0.0318], 0.1619, 0.2297
746 , curve_150_X15.tif, [0.2759 0.0146], 0.0654, 0.2486
747 , curve_150_X18.tif, [0.8898 0.0525], 0.0096, 0.3302
748 , curve_150_X21.tif, [0.9767 0.0841], 0.0043, 0.4042
749 , curve_150_X25.tif, [0.9895 0.0772], 0.0004, 0.4697
750 , curve_151_X10.tif, [0.8546 0.027 ], 0.0115, 0.2505
751 , curve_151_X15.tif, [0.6764 0.025 ], 0.0210, 0.2308
752 , curve_151_X18.tif, [0.632  0.0304], 0.0177, 0.3152
753 , curve_151_X21.tif, [0.7485 0.0433], 0.0114, 0.3864
754 , curve_151_X25.tif, [0.3085 0.0406], 0.0005, 0.4467
755 , curve_152_X10.tif, [0.7446 0.0295], 0.0196, 0.2139
756 , curve_152_X15.tif, [0.1556 0.0116], 0.0134, 0.2595
757 , curve_152_X18.tif, [0.5929 0.0393], 0.0036, 0.3693
758 , curve_152_X21.tif, [0.5247 0.0941], 0.0152, 0.4585
759 , curve_152_X25.tif, [0.6863 0.0467], 0.0034, 0.5222
760 , curve_153_X10.tif, [0.8742 0.0214], 0.0050, 0.2318
761 , curve_153_X15.tif, [0.3175 0.0226], 0.0061, 0.2565
762 , curve_153_X18.tif, [0.8937 0.0239], 0.0142, 0.3492
763 , curve_153_X21.tif, [0.8361 0.0323], 0.0019, 0.4204
764 , curve_153_X25.tif, [0.452  0.0687], 0.0183, 0.4907
765 , curve_154_X10.tif, [0.4953 0.0243], 0.0187, 0.2266
766 , curve_154_X15.tif, [0.5142 0.0313], 0.0004, 0.2404
767 , curve_154_X18.tif, [0.9071 0.0478], 0.0072, 0.3402
768 , curve_154_X21.tif, [0.5324 0.0426], 0.0059, 0.4144
769 , curve_154_X25.tif, [0.5479 0.0298], 0.0066, 0.4858
770 , curve_155_X10.tif, [0.7936 0.0299], 0.0329, 0.2193
771 , curve_155_X15.tif, [0.327  0.0719], 0.0399, 0.2665
772 , curve_155_X18.tif, [0.3791 0.0264], 0.0175, 0.3552
773 , curve_155_X21.tif, [0.321  0.0224], 0.0079, 0.4255
774 , curve_155_X25.tif, [0.3925 0.0602], 0.0086, 0.4998
775 , curve_156_X10.tif, [0.6018 0.0483], 0.2995, 0.2335
776 , curve_156_X15.tif, [0.9416 0.0292], 0.0153, 0.2579
777 , curve_156_X18.tif, [0.2574 0.0289], 0.0043, 0.3454
778 , curve_156_X21.tif, [0.3524 0.0297], 0.0191, 0.4054
779 , curve_156_X25.tif, [0.9539 0.0317], 0.0165, 0.4721
780 , curve_157_X10.tif, [0.6278 0.0368], 0.0185, 0.2272
781 , curve_157_X15.tif, [0.4759 0.05  ], 0.0099, 0.2473
782 , curve_157_X18.tif, [0.5159 0.0773], 0.0027, 0.3517
783 , curve_157_X21.tif, [0.9987 0.0675], 0.0057, 0.4132
784 , curve_157_X25.tif, [0.5431 0.1123], 0.0001, 0.4786
785 , curve_158_X10.tif, [0.5615 0.0445], 0.0130, 0.2276
786 , curve_158_X15.tif, [0.1576 0.0818], 0.0224, 0.2602
787 , curve_158_X18.tif, [0.3886 0.0349], 0.0002, 0.3336
788 , curve_158_X21.tif, [0.3994 0.0216], 0.0014, 0.3947
789 , curve_158_X25.tif, [0.5537 0.029 ], 0.0138, 0.4625
790 , curve_159_X10.tif, [0.9565 0.0262], 0.0027, 0.2343
791 , curve_159_X15.tif, [0.589  0.0396], 0.0025, 0.2374
792 , curve_159_X18.tif, [0.6429 0.0394], 0.0067, 0.3323
793 , curve_159_X21.tif, [0.5812 0.0689], 0.0082, 0.4057
794 , curve_159_X25.tif, [0.2599 0.0469], 0.0043, 0.4741
795 , curve_160_X10.tif, [0.9419 0.0228], 0.0108, 0.2477
796 , curve_160_X15.tif, [0.8164 0.0214], 0.0036, 0.2601
797 , curve_160_X18.tif, [0.3309 0.0469], 0.0004, 0.3750
798 , curve_160_X21.tif, [0.8135 0.0395], 0.0044, 0.4487
799 , curve_160_X25.tif, [0.4259 0.0325], 0.0009, 0.5237
800 , curve_161_X10.tif, [0.6816 0.028 ], 0.0066, 0.2319
801 , curve_161_X15.tif, [0.9025 0.0331], 0.0078, 0.2571
802 , curve_161_X18.tif, [0.877  0.0646], 0.0020, 0.3555
803 , curve_161_X21.tif, [0.931  0.0678], 0.0081, 0.4475
804 , curve_161_X25.tif, [0.999  0.1071], 0.0044, 0.5123
805 , curve_162_X10.tif, [0.9153 0.0294], 0.0111, 0.2210
806 , curve_162_X15.tif, [0.5593 0.0353], 0.0056, 0.2339
807 , curve_162_X18.tif, [0.6146 0.0548], 0.0005, 0.3330
808 , curve_162_X21.tif, [0.4715 0.0489], 0.0150, 0.4125
809 , curve_162_X25.tif, [0.412  0.0565], 0.0074, 0.4869
810 , curve_163_X10.tif, [0.4691 0.0239], 0.0499, 0.2634
811 , curve_163_X15.tif, [0.4786 0.049 ], 0.0012, 0.2570
812 , curve_163_X18.tif, [0.1651 0.0278], 0.0073, 0.3415
813 , curve_163_X21.tif, [0.5574 0.1579], 0.0036, 0.4208
814 , curve_163_X25.tif, [0.1798 0.191 ], 0.0076, 0.4799
815 , curve_164_X10.tif, [0.4237 0.0387], 0.0036, 0.2332
816 , curve_164_X15.tif, [0.9108 0.1244], 0.0222, 0.3083
817 , curve_164_X18.tif, [0.3232 0.1971], 0.0010, 0.4041
818 , curve_164_X21.tif, [0.2485 0.0729], 0.0014, 0.4391
819 , curve_164_X25.tif, [0.3429 0.1969], 0.0110, 0.5145
820 , curve_165_X10.tif, [0.3392 0.0193], 0.0157, 0.2118
821 , curve_165_X15.tif, [0.4161 0.028 ], 0.0750, 0.2412
822 , curve_165_X18.tif, [0.1621 0.011 ], 0.1278, 0.3494
823 , curve_165_X21.tif, [0.2667 0.0377], 0.0118, 0.4176
824 , curve_165_X25.tif, [0.2235 0.0336], 0.0283, 0.4923
825 , curve_166_X10.tif, [0.9413 0.0307], 0.0366, 0.2249
826 , curve_166_X15.tif, [0.9923 0.0792], 0.1999, 0.2784
827 , curve_166_X18.tif, [0.3225 0.0244], 0.0275, 0.3579
828 , curve_166_X21.tif, [0.1574 0.0142], 0.0515, 0.4161
829 , curve_166_X25.tif, [0.6913 0.0395], 0.0003, 0.5120
830 , curve_167_X10.tif, [0.3313 0.0295], 0.0162, 0.2468
831 , curve_167_X15.tif, [0.7363 0.0286], 0.0039, 0.2497
832 , curve_167_X18.tif, [0.9707 0.1146], 0.0036, 0.3573
833 , curve_167_X21.tif, [0.7797 0.0503], 0.0111, 0.4285
834 , curve_167_X25.tif, [0.6018 0.1819], 0.0116, 0.5073
835 , curve_168_X10.tif, [0.6138 0.0205], 0.0067, 0.2263
836 , curve_168_X15.tif, [0.1769 0.0204], 0.0211, 0.2768
837 , curve_168_X18.tif, [0.8614 0.0564], 0.0034, 0.3479
838 , curve_168_X21.tif, [0.1537 0.0232], 0.0004, 0.4308
839 , curve_168_X25.tif, [0.8572 0.1554], 0.0047, 0.4953
840 , curve_169_X10.tif, [0.4517 0.0282], 0.1579, 0.2179
841 , curve_169_X15.tif, [0.7549 0.0301], 0.0023, 0.2580
842 , curve_169_X18.tif, [0.953  0.0299], 0.0306, 0.3550
843 , curve_169_X21.tif, [0.8906 0.0373], 0.0054, 0.4344
844 , curve_169_X25.tif, [0.8083 0.0282], 0.0303, 0.5038
845 , curve_170_X10.tif, [0.7693 0.0567], 0.0033, 0.2209
846 , curve_170_X15.tif, [0.4009 0.0828], 0.0016, 0.2574
847 , curve_170_X18.tif, [0.5782 0.0295], 0.0131, 0.3274
848 , curve_170_X21.tif, [0.4814 0.0809], 0.0004, 0.4224
849 , curve_170_X25.tif, [0.642  0.0314], 0.0081, 0.4760
850 , curve_171_X10.tif, [0.52   0.0669], 0.0209, 0.2901
851 , curve_171_X15.tif, [0.9607 0.0321], 0.0000, 0.2503
852 , curve_171_X18.tif, [0.8064 0.0666], 0.0084, 0.3436
853 , curve_171_X21.tif, [0.7367 0.1407], 0.0032, 0.4103
854 , curve_171_X25.tif, [0.963  0.0722], 0.0078, 0.4822
855 , curve_172_X10.tif, [0.3341 0.0167], 0.1703, 0.2057
856 , curve_172_X15.tif, [0.259 0.019], 0.0369, 0.2451
857 , curve_172_X18.tif, [0.931  0.0387], 0.0106, 0.3390
858 , curve_172_X21.tif, [0.1787 0.0106], 0.0096, 0.4362
859 , curve_172_X25.tif, [0.2877 0.0382], 0.0050, 0.4819
860 , curve_173_X10.tif, [0.9701 0.0234], 0.0041, 0.2174
861 , curve_173_X15.tif, [0.8693 0.0298], 0.0150, 0.2464
862 , curve_173_X18.tif, [0.4494 0.0494], 0.0105, 0.3539
863 , curve_173_X21.tif, [0.2419 0.0567], 0.0066, 0.4270
864 , curve_173_X25.tif, [0.85   0.0917], 0.0062, 0.4994
865 , curve_174_X10.tif, [0.9002 0.0597], 0.1139, 0.2141
866 , curve_174_X15.tif, [0.6421 0.0412], 0.0118, 0.2120
867 , curve_174_X18.tif, [0.4774 0.0597], 0.0220, 0.3241
868 , curve_174_X21.tif, [0.3104 0.0228], 0.0114, 0.3848
869 , curve_174_X25.tif, [0.8408 0.0871], 0.0002, 0.4641
870 , curve_175_X10.tif, [0.7964 0.0334], 0.1662, 0.2206
871 , curve_175_X15.tif, [0.7886 0.0432], 0.0703, 0.2493
872 , curve_175_X18.tif, [0.7017 0.0372], 0.0203, 0.3418
873 , curve_175_X21.tif, [0.5884 0.0442], 0.0063, 0.4219
874 , curve_175_X25.tif, [0.8982 0.076 ], 0.0018, 0.5021
875 , curve_176_X10.tif, [0.6234 0.0308], 0.0315, 0.2154
876 , curve_176_X15.tif, [0.7771 0.0396], 0.0097, 0.2685
877 , curve_176_X18.tif, [0.6604 0.0351], 0.0006, 0.3645
878 , curve_176_X21.tif, [0.9255 0.0336], 0.0100, 0.4265
879 , curve_176_X25.tif, [0.2206 0.0404], 0.0104, 0.4944
880 , curve_177_X10.tif, [0.2343 0.0252], 0.0049, 0.2398
881 , curve_177_X15.tif, [0.5505 0.0684], 0.0047, 0.2644
882 , curve_177_X18.tif, [0.7504 0.0471], 0.0040, 0.3480
883 , curve_177_X21.tif, [0.8903 0.0441], 0.0102, 0.4274
884 , curve_177_X25.tif, [0.9863 0.0337], 0.0055, 0.4921
885 , curve_178_X10.tif, [0.7682 0.0312], 0.0844, 0.2024
886 , curve_178_X15.tif, [0.7474 0.0355], 0.0015, 0.2538
887 , curve_178_X18.tif, [0.9828 0.034 ], 0.0036, 0.3448
888 , curve_178_X21.tif, [0.3602 0.0298], 0.0068, 0.4301
889 , curve_178_X25.tif, [0.5594 0.0335], 0.0558, 0.5035
890 , curve_179_X10.tif, [0.7352 0.0342], 0.0444, 0.2099
891 , curve_179_X15.tif, [0.5752 0.0512], 0.2176, 0.2546
892 , curve_179_X18.tif, [0.6678 0.0349], 0.0275, 0.3571
893 , curve_179_X21.tif, [0.7289 0.0611], 0.0090, 0.4257
894 , curve_179_X25.tif, [0.6214 0.046 ], 0.0223, 0.5010
895 , curve_180_X10.tif, [0.8515 0.0452], 0.0030, 0.2274
896 , curve_180_X15.tif, [0.6597 0.0267], 0.0149, 0.2621
897 , curve_180_X18.tif, [0.9444 0.037 ], 0.0465, 0.3522
898 , curve_180_X21.tif, [0.4318 0.0433], 0.0002, 0.4272
899 , curve_180_X25.tif, [0.9308 0.0676], 0.0156, 0.5031
900 , curve_181_X10.tif, [0.9539 0.0279], 0.0186, 0.2291
901 , curve_181_X15.tif, [0.9977 0.094 ], 0.0018, 0.2794
902 , curve_181_X18.tif, [0.6109 0.0755], 0.0055, 0.3736
903 , curve_181_X21.tif, [0.8158 0.1994], 0.0135, 0.4369
904 , curve_181_X25.tif, [0.1539 0.065 ], 0.0159, 0.4876
905 , curve_182_X10.tif, [0.9788 0.1044], 0.1715, 0.2979
906 , curve_182_X15.tif, [0.9714 0.031 ], 0.0030, 0.2187
907 , curve_182_X18.tif, [0.3063 0.0813], 0.0076, 0.3351
908 , curve_182_X21.tif, [0.9995 0.0358], 0.0045, 0.3975
909 , curve_182_X25.tif, [0.3287 0.0594], 0.0013, 0.4754
910 , curve_183_X10.tif, [0.3586 0.018 ], 0.0410, 0.2288
911 , curve_183_X15.tif, [0.5434 0.0366], 0.0080, 0.2623
912 , curve_183_X18.tif, [0.3714 0.0277], 0.0170, 0.3637
913 , curve_183_X21.tif, [0.2808 0.0328], 0.0118, 0.4491
914 , curve_183_X25.tif, [0.955  0.0337], 0.0011, 0.5142
915 , curve_184_X10.tif, [0.5197 0.0291], 0.0856, 0.2046
916 , curve_184_X15.tif, [0.8813 0.0473], 0.0577, 0.2530
917 , curve_184_X18.tif, [0.9938 0.0371], 0.0049, 0.3512
918 , curve_184_X21.tif, [0.6933 0.0796], 0.0061, 0.4359
919 , curve_184_X25.tif, [0.5868 0.0415], 0.0019, 0.5109
920 , curve_185_X10.tif, [0.9841 0.1008], 0.4109, 0.2947
921 , curve_185_X15.tif, [0.9744 0.0421], 0.0032, 0.2373
922 , curve_185_X18.tif, [0.665  0.0283], 0.0043, 0.3401
923 , curve_185_X21.tif, [0.3272 0.03  ], 0.0182, 0.4195
924 , curve_185_X25.tif, [0.3992 0.0621], 0.0006, 0.4953
925 , curve_186_X10.tif, [0.6894 0.0324], 0.0220, 0.2124
926 , curve_186_X15.tif, [0.9917 0.0469], 0.0169, 0.2524
927 , curve_186_X18.tif, [0.3531 0.0288], 0.0014, 0.3527
928 , curve_186_X21.tif, [0.6417 0.0535], 0.0102, 0.4062
929 , curve_186_X25.tif, [0.9121 0.0751], 0.0051, 0.4794
930 , curve_187_X10.tif, [0.8393 0.0325], 0.0366, 0.2043
931 , curve_187_X15.tif, [0.9703 0.0278], 0.0533, 0.2515
932 , curve_187_X18.tif, [0.6035 0.0456], 0.0458, 0.3608
933 , curve_187_X21.tif, [0.3606 0.0291], 0.0176, 0.4342
934 , curve_187_X25.tif, [0.3154 0.0674], 0.0221, 0.5169
935 , curve_188_X10.tif, [0.9268 0.0504], 0.1878, 0.2127
936 , curve_188_X15.tif, [0.9591 0.0645], 0.0849, 0.2628
937 , curve_188_X18.tif, [0.22   0.0307], 0.0233, 0.3860
938 , curve_188_X21.tif, [0.8543 0.0903], 0.1123, 0.4570
939 , curve_188_X25.tif, [0.7915 0.0402], 0.0064, 0.5277
940 , curve_189_X10.tif, [0.2412 0.0235], 0.0964, 0.2083
941 , curve_189_X15.tif, [0.6989 0.0432], 0.0209, 0.2519
942 , curve_189_X18.tif, [0.1442 0.0405], 0.0191, 0.3233
943 , curve_189_X21.tif, [0.4399 0.0825], 0.0016, 0.4250
944 , curve_189_X25.tif, [0.5301 0.1211], 0.0020, 0.4842
945 , curve_190_X10.tif, [0.6298 0.0377], 0.3539, 0.2231
946 , curve_190_X15.tif, [0.4011 0.0448], 0.1438, 0.2542
947 , curve_190_X18.tif, [0.9376 0.0327], 0.0073, 0.3361
948 , curve_190_X21.tif, [0.6629 0.0751], 0.1134, 0.4170
949 , curve_190_X25.tif, [0.8192 0.043 ], 0.0492, 0.4940
950 , curve_191_X10.tif, [0.9537 0.0845], 0.0192, 0.2752
951 , curve_191_X15.tif, [0.4953 0.0971], 0.0100, 0.2614
952 , curve_191_X18.tif, [0.9357 0.1511], 0.0028, 0.3818
953 , curve_191_X21.tif, [0.755  0.0873], 0.0018, 0.4238
954 , curve_191_X25.tif, [0.9922 0.0299], 0.0060, 0.4931
955 , curve_192_X10.tif, [0.8511 0.0328], 0.0484, 0.2470
956 , curve_192_X15.tif, [0.5522 0.0468], 0.0256, 0.2548
957 , curve_192_X18.tif, [0.432  0.0624], 0.0199, 0.3495
958 , curve_192_X21.tif, [0.8261 0.1191], 0.0086, 0.4308
959 , curve_192_X25.tif, [0.2137 0.1374], 0.0010, 0.4957
960 , curve_193_X10.tif, [0.8229 0.0381], 0.0651, 0.2175
961 , curve_193_X15.tif, [0.8603 0.0377], 0.0049, 0.2364
962 , curve_193_X18.tif, [0.6174 0.0525], 0.0111, 0.3379
963 , curve_193_X21.tif, [0.7186 0.1197], 0.0030, 0.4140
964 , curve_193_X25.tif, [0.9719 0.0537], 0.0168, 0.4859
965 , curve_194_X10.tif, [0.4067 0.0258], 0.0082, 0.2194
966 , curve_194_X15.tif, [0.6978 0.0351], 0.0123, 0.2540
967 , curve_194_X18.tif, [0.9422 0.0467], 0.0033, 0.3500
968 , curve_194_X21.tif, [0.196  0.0485], 0.0031, 0.4351
969 , curve_194_X25.tif, [0.7405 0.0833], 0.0289, 0.5046
970 , curve_195_X10.tif, [0.5137 0.0304], 0.0431, 0.2128
971 , curve_195_X15.tif, [0.2931 0.0379], 0.0086, 0.2447
972 , curve_195_X18.tif, [0.8854 0.03  ], 0.0393, 0.3495
973 , curve_195_X21.tif, [0.3435 0.0293], 0.0013, 0.4251
974 , curve_195_X25.tif, [0.7946 0.0459], 0.0111, 0.4926
975 , curve_196_X10.tif, [0.4536 0.0326], 0.2428, 0.2463
976 , curve_196_X15.tif, [0.8112 0.0318], 0.0167, 0.2392
977 , curve_196_X18.tif, [0.2826 0.0355], 0.0248, 0.3458
978 , curve_196_X21.tif, [0.4582 0.0291], 0.0293, 0.4362
979 , curve_196_X25.tif, [0.6719 0.0389], 0.0555, 0.5038
980 , curve_197_X10.tif, [0.8752 0.0426], 0.1131, 0.2266
981 , curve_197_X15.tif, [0.9832 0.0648], 0.0424, 0.2510
982 , curve_197_X18.tif, [0.8264 0.0539], 0.0199, 0.3338
983 , curve_197_X21.tif, [0.2371 0.0525], 0.0159, 0.4041
984 , curve_197_X25.tif, [0.1561 0.0281], 0.0268, 0.4815
985 , curve_198_X10.tif, [0.2816 0.0244], 0.0741, 0.2273
986 , curve_198_X15.tif, [0.7975 0.0699], 0.0059, 0.2664
987 , curve_198_X18.tif, [0.5678 0.0494], 0.0051, 0.3766
988 , curve_198_X21.tif, [0.9497 0.0602], 0.0020, 0.4549
989 , curve_198_X25.tif, [0.3517 0.0832], 0.0075, 0.5321
990 , curve_199_X10.tif, [0.4446 0.0196], 0.0051, 0.2128
991 , curve_199_X15.tif, [0.2426 0.032 ], 0.0599, 0.2512
992 , curve_199_X18.tif, [0.492  0.0493], 0.0581, 0.3560
993 , curve_199_X21.tif, [0.6319 0.0431], 0.0136, 0.4230
994 , curve_199_X25.tif, [0.9664 0.0396], 0.0029, 0.4912
995 , curve_200_X10.tif, [0.9119 0.0325], 0.0304, 0.1902
996 , curve_200_X15.tif, [0.8054 0.0387], 0.0154, 0.2463
997 , curve_200_X18.tif, [0.8449 0.0509], 0.0012, 0.3596
998 , curve_200_X21.tif, [0.9997 0.0346], 0.0016, 0.4293
999 , curve_200_X25.tif, [0.9711 0.0766], 0.0011, 0.5150
